Symbol,Name,Sector,Industry,Full_Time_Employees,Total_ESG_Risk_score,Environment_Risk_Score,Governance_Risk_Score,Social_Risk_Score,Controversy_Level,Controversy_Score,ESG_Risk_Percentile,ESG_Risk_Level,Controversy_Level_Score,ESG_Cluster,PCA1,PCA2
EMN,Eastman Chemical Company,Basic Materials,Specialty Chemicals,14000.0,25.3,12.8,6.6,5.8,Moderate Controversy Level,2.0,50.0,Medium,2.0,2,-0.7357605448964386,1.0022544146949377
DPZ,Domino's Pizza Inc.,Consumer Cyclical,Restaurants,6500.0,29.2,10.6,6.3,12.2,Moderate Controversy Level,2.0,66.0,Medium,2.0,2,0.36821532166504145,0.9380825152707309
DVA,Davita Inc.,Healthcare,Medical Care Facilities,70000.0,22.6,0.1,8.4,14.1,Moderate Controversy Level,2.0,38.0,Medium,2.0,3,1.2707766969576588,-1.0556592430980998
DRI,"Darden Restaurants, Inc.",Consumer Cyclical,Restaurants,187384.0,27.5,7.9,4.6,15.0,Moderate Controversy Level,2.0,59.0,Medium,2.0,2,0.5050324230635911,0.97744429420401
ZTS,Zoetis Inc.,Healthcare,Drug Manufacturers - Specialty & Generic,14100.0,18.8,3.2,8.7,6.8,Moderate Controversy Level,2.0,23.0,Low,2.0,3,-0.002521178413427609,-0.8829759754262941
ZBH,"Zimmer Biomet Holdings, Inc.",Healthcare,Medical Devices,18000.0,26.0,3.6,7.9,14.5,Moderate Controversy Level,2.0,53.0,Medium,2.0,1,1.2023925498677752,-0.39985242455763204
YUM,"Yum! Brands, Inc.",Consumer Cyclical,Restaurants,35000.0,20.1,4.5,4.1,11.4,Moderate Controversy Level,2.0,28.0,Medium,2.0,0,-0.2343858499345589,0.44510448038248923
XYL,Xylem Inc,Industrials,Specialty Industrial Machinery,23000.0,18.1,4.3,5.2,8.7,Low Controversy Level,1.0,21.0,Low,1.0,0,-1.1718941710004722,-0.3546906777908802
XEL,"Xcel Energy, Inc.",Utilities,Utilities - Regulated Electric,11311.0,26.5,12.7,4.5,9.3,Moderate Controversy Level,2.0,55.0,Medium,2.0,2,-0.5835052522458801,1.548030644617508
WYNN,Wynn Resorts Ltd,Consumer Cyclical,Resorts & Casinos,27800.0,25.7,3.4,10.6,11.8,Moderate Controversy Level,2.0,52.0,Medium,2.0,3,1.334276698491736,-1.093091786741879
WTW,Willis Towers Watson Public Limited Companys,Financial Services,Insurance Brokers,48000.0,18.7,0.1,10.8,7.8,Moderate Controversy Level,2.0,23.0,Low,2.0,3,0.6821124192126616,-1.7720847168466909
WMB,Williams Companies Inc.,Energy,Oil & Gas Midstream,5601.0,21.8,8.7,3.0,10.1,Moderate Controversy Level,2.0,35.0,Medium,2.0,2,-0.7524925418118819,1.2802610572244753
WY,Weyerhaeuser Company,Real Estate,REIT - Specialty,9300.0,16.7,9.1,3.5,4.2,Moderate Controversy Level,2.0,16.0,Low,2.0,0,-1.7068895071646406,1.042380091798956
WDC,Western Digital Corp.,Technology,Computer Hardware,53000.0,11.4,1.5,6.1,3.9,Moderate Controversy Level,2.0,4.0,Low,2.0,0,-1.1089859311308663,-0.6851981203037842
WELL,Welltower Inc.,Real Estate,REIT - Healthcare Facilities,533.0,13.2,4.2,5.5,3.5,Low Controversy Level,1.0,7.0,Low,1.0,0,-2.041881767496434,-0.6037750355538695
WFC,Wells Fargo & Co.,Financial Services,Banks - Diversified,224824.0,36.2,2.0,19.4,14.8,Severe Controversy Level,5.0,87.0,High,5.0,1,6.010695601950649,-1.7408186173084335
WEC,"Wec Energy Group, Inc.",Utilities,Utilities - Regulated Electric,7000.0,27.5,13.4,5.1,9.0,Low Controversy Level,1.0,59.0,Medium,1.0,2,-1.2086399033576396,1.0709562404517463
WM,"Waste Management, Inc.",Industrials,Waste Management,48000.0,16.6,8.1,3.3,5.2,Moderate Controversy Level,2.0,16.0,Low,2.0,0,-1.564543906585967,0.9643563464958506
WMT,Walmart Inc.,Consumer Defensive,Discount Stores,2100000.0,25.3,5.9,7.1,12.4,Significant Controversy Level,3.0,50.0,Medium,3.0,1,1.3257251930325609,0.5010797605563718
WBA,"Walgreens Boots Alliance, Inc",Healthcare,Pharmaceutical Retailers,330000.0,16.3,1.8,5.2,9.3,Significant Controversy Level,3.0,15.0,Low,3.0,1,0.3613405114677561,0.17561704785155507
WAB,Wabtec Inc.,Industrials,Railroads,29000.0,23.3,5.4,6.0,12.0,Moderate Controversy Level,2.0,42.0,Medium,2.0,2,0.3022834386524525,0.19846559927332136
GWW,"W.W. Grainger, Inc.",Industrials,Industrial Distribution,23200.0,16.0,4.5,5.9,5.6,Moderate Controversy Level,2.0,14.0,Low,2.0,0,-0.8700911446002391,-0.12734701971322146
WRB,W.R. Berkley Corporation,Financial Services,Insurance - Property & Casualty,8329.0,21.8,2.0,11.9,7.9,Low Controversy Level,1.0,35.0,Medium,1.0,3,0.2347424092024421,-2.158548324821019
VMC,Vulcan Materials Company,Basic Materials,Building Materials,10961.0,29.3,13.4,9.1,6.8,Moderate Controversy Level,2.0,66.0,Medium,2.0,2,0.012785083064838214,0.5950798823345985
V,Visa Inc.,Financial Services,Credit Services,,16.7,1.8,6.7,8.2,Significant Controversy Level,3.0,16.0,Low,3.0,1,0.5060417169820576,-0.17941569165958593
VRTX,Vertex Pharmaceuticals Inc,Healthcare,Biotechnology,5400.0,22.7,0.8,6.6,15.4,Moderate Controversy Level,2.0,39.0,Medium,2.0,1,1.0882876278301232,-0.5229989425433459
VZ,Verizon Communications,Communication Services,Telecom Services,104400.0,18.7,3.7,5.4,9.6,Significant Controversy Level,3.0,23.0,Low,3.0,1,0.44711996253087155,0.43405101584448047
VRSK,"Verisk Analytics, Inc.",Industrials,Consulting Services,7500.0,17.5,0.1,5.0,12.5,Low Controversy Level,1.0,19.0,Low,1.0,0,-0.49977786322122975,-0.8316051402971646
VRSN,Verisign Inc,Technology,Software - Infrastructure,907.0,21.3,4.7,5.8,10.8,Low Controversy Level,1.0,33.0,Medium,1.0,0,-0.6581341159654891,-0.3523934842458394
VLO,Valero Energy Corporation,Energy,Oil & Gas Refining & Marketing,9886.0,32.6,20.1,5.0,7.4,Moderate Controversy Level,2.0,77.0,High,2.0,2,-0.8676158727497097,2.513621259995529
UHS,"Universal Health Services, Inc. Class B",Healthcare,Medical Care Facilities,96700.0,33.0,3.7,8.6,20.7,Significant Controversy Level,3.0,78.0,High,3.0,1,3.1850604765082453,0.1161023515842287
UNH,Unitedhealth Group Incorporated,Healthcare,Healthcare Plans,440000.0,15.3,0.0,5.6,9.7,Significant Controversy Level,3.0,12.0,Low,3.0,1,0.5386436019667468,-0.17224838838421508
URI,"United Rentals, Inc.",Industrials,Rental & Leasing Services,26650.0,16.9,5.3,5.4,6.1,Low Controversy Level,1.0,17.0,Low,1.0,0,-1.6032921791801609,-0.3289570084457537
UPS,"United Parcel Service, Inc. Class B",Industrials,Integrated Freight & Logistics,500000.0,18.6,4.2,5.5,8.9,Moderate Controversy Level,2.0,23.0,Low,2.0,0,-0.36325714027580014,0.01961529990279796
UAL,"United Airlines Holdings, Inc.",Industrials,Airlines,104500.0,28.6,10.8,5.0,12.8,Moderate Controversy Level,2.0,64.0,Medium,2.0,2,0.17747964142208147,1.2648800612894355
UNP,Union Pacific Corp.,Industrials,Railroads,31052.0,23.5,7.3,5.6,10.6,Moderate Controversy Level,2.0,42.0,Medium,2.0,2,-0.05642518765651041,0.528974686476906
ULTA,"Ulta Beauty, Inc.",Consumer Cyclical,Specialty Retail,20000.0,15.6,4.1,4.3,7.3,Moderate Controversy Level,2.0,13.0,Low,2.0,0,-0.9263015554094777,0.20726692533529179
UDR,"Udr, Inc.",Real Estate,REIT - Residential,1397.0,13.9,3.7,6.3,3.9,Low Controversy Level,1.0,9.0,Low,1.0,0,-1.7827199012381607,-0.837505025326814
USB,U.S. Bancorp,Financial Services,Banks - Regional,70000.0,30.3,1.8,13.0,15.5,Significant Controversy Level,3.0,70.0,High,3.0,1,3.2672272167696867,-1.280992131719434
TSN,"Tyson Foods, Inc.",Consumer Defensive,Farm Products,139000.0,35.9,14.0,9.5,12.4,High Controversy Level,4.0,85.0,High,4.0,1,2.5177072559774496,1.678778613756468
TDG,Transdigm Group Incorporated,Industrials,Aerospace & Defense,15500.0,38.7,12.0,9.0,17.7,Moderate Controversy Level,2.0,90.0,High,2.0,1,1.969528562294808,0.7580289674359476
TT,Trane Technologies Plc,Industrials,Building Products & Equipment,40000.0,15.2,4.4,5.1,5.7,Moderate Controversy Level,2.0,12.0,Low,2.0,0,-1.0344374471271716,0.030773928147283997
TSCO,Tractor Supply Co,Consumer Cyclical,Specialty Retail,50000.0,16.1,3.4,4.5,8.2,Moderate Controversy Level,2.0,14.0,Low,2.0,0,-0.7126851439532128,0.0868610123321251
TJX,"Tjx Companies, Inc.",Consumer Cyclical,Apparel Retail,349000.0,14.4,1.9,4.8,7.7,Moderate Controversy Level,2.0,10.0,Low,2.0,0,-0.7231123582904709,-0.223170525486019
TMO,"Thermo Fisher Scientific, Inc.",Healthcare,Diagnostics & Research,122000.0,12.8,1.4,6.5,4.9,Significant Controversy Level,3.0,6.0,Low,3.0,0,-0.13292771422302005,-0.3060193254504522
DIS,The Walt Disney Company,Communication Services,Entertainment,173250.0,15.7,0.0,6.7,9.0,Moderate Controversy Level,2.0,13.0,Low,2.0,0,-0.03904477171657206,-0.876031054727008
TRV,"The Travelers Companies, Inc.",Financial Services,Insurance - Property & Casualty,32967.0,20.3,1.0,10.0,9.3,Low Controversy Level,1.0,29.0,Medium,1.0,3,0.06013641117603691,-1.8618717972059287
SO,The Southern Company,Utilities,Utilities - Regulated Electric,27819.0,33.0,14.7,7.3,11.0,Moderate Controversy Level,2.0,78.0,High,2.0,2,0.34971681635811885,1.3144656362124971
SHW,The Sherwin-Williams Company,Basic Materials,Specialty Chemicals,64088.0,29.4,14.3,5.8,9.2,Moderate Controversy Level,2.0,66.0,Medium,2.0,2,-0.3159007536956737,1.513422819283596
MOS,The Mosaic Company,Basic Materials,Agricultural Inputs,14049.0,33.5,13.9,8.6,11.1,Moderate Controversy Level,2.0,80.0,High,2.0,2,0.6713996112825465,0.9185953077761005
KR,The Kroger Co.,Consumer Defensive,Grocery Stores,414000.0,21.3,6.6,5.6,9.1,Significant Controversy Level,3.0,33.0,Medium,3.0,2,0.38089539920010684,0.8195894302739295
KHC,The Kraft Heinz Company,Consumer Defensive,Packaged Foods,36000.0,33.7,13.5,6.2,14.1,Significant Controversy Level,3.0,80.0,High,3.0,2,1.3699571741550076,1.9127840351936427
SJM,The J.M. Smucker Company,Consumer Defensive,Packaged Foods,5800.0,30.5,12.9,5.6,12.0,Moderate Controversy Level,2.0,71.0,High,2.0,2,0.1546199296714911,1.4329256156670114
IPG,"The Interpublic Group of Companies, Inc.",Communication Services,Advertising Agencies,56800.0,10.3,0.0,5.3,5.0,Low Controversy Level,1.0,3.0,Low,1.0,0,-1.7852782956436506,-1.1558564822497486
HSY,The Hershey Company,Consumer Defensive,Confectioners,18650.0,26.0,10.5,5.1,10.4,Significant Controversy Level,3.0,53.0,Medium,3.0,2,0.4721121071484452,1.5661092103069656
HIG,"The Hartford Financial Services Group, Inc.",Financial Services,Insurance - Property & Casualty,18700.0,16.6,1.8,7.6,7.2,Low Controversy Level,1.0,16.0,Low,1.0,0,-0.8747066994589929,-1.2973696347043169
EL,The Estee Lauder Companies Inc. Class A,Consumer Defensive,Household & Personal Products,44020.0,25.5,6.9,7.5,11.1,Moderate Controversy Level,2.0,51.0,Medium,2.0,2,0.471899479226822,0.07984334588019748
COO,"The Cooper Companies, Inc.",Healthcare,Medical Instruments & Supplies,15000.0,17.5,2.7,6.0,8.8,Moderate Controversy Level,2.0,19.0,Low,2.0,0,-0.25563128794747136,-0.31988816056452224
CI,The Cigna Group,Healthcare,Healthcare Plans,70325.0,11.6,0.0,5.7,6.0,Moderate Controversy Level,2.0,3.0,Low,2.0,0,-0.8099678597951416,-0.7613527389548651
SCHW,The Charles Schwab Corporation,Financial Services,Capital Markets,32600.0,23.3,2.4,11.9,8.9,Moderate Controversy Level,2.0,41.0,Medium,2.0,3,1.1154817912829353,-1.617655904482589
ALL,The Allstate Corporation,Financial Services,Insurance - Property & Casualty,53000.0,22.0,1.0,10.9,10.1,Moderate Controversy Level,2.0,36.0,Medium,2.0,3,1.1137902079877517,-1.5802654175024695
TXT,"Textron, Inc.",Industrials,Aerospace & Defense,35000.0,33.6,10.9,6.6,16.1,Moderate Controversy Level,2.0,80.0,High,2.0,2,1.139222169162504,1.047697758284953
TXN,Texas Instruments Incorporated,Technology,Semiconductors,34000.0,20.6,7.8,6.9,6.0,Moderate Controversy Level,2.0,30.0,Medium,2.0,0,-0.5935549938314485,0.17872658965411312
TSLA,"Tesla, Inc.",Consumer Cyclical,Auto Manufacturers,140473.0,25.2,3.3,7.8,14.1,Significant Controversy Level,3.0,50.0,Medium,3.0,1,1.8125505603300744,0.009283761046042721
TFX,Teleflex Incorporated,Healthcare,Medical Instruments & Supplies,14500.0,29.6,4.8,8.7,16.1,Moderate Controversy Level,2.0,67.0,Medium,2.0,1,1.6656314438180764,-0.3338407338557198
TGT,Target Corporation,Consumer Defensive,Discount Stores,415000.0,14.4,1.9,4.9,7.6,Significant Controversy Level,3.0,10.0,Low,3.0,0,-0.015210399815659822,0.1992004530457598
TRGP,Targa Resources Corp.,Energy,Oil & Gas Midstream,3182.0,33.2,14.2,4.2,14.8,Moderate Controversy Level,2.0,79.0,High,2.0,2,0.33021073584455035,2.021468669804337
TPR,"Tapestry, Inc.",Consumer Cyclical,Luxury Goods,12600.0,14.8,1.1,5.2,8.6,Moderate Controversy Level,2.0,11.0,Low,2.0,0,-0.4629582010095353,-0.40144582856940786
TMUS,"T-Mobile Us, Inc.",Communication Services,Telecom Services,67000.0,24.6,4.2,7.1,13.4,Significant Controversy Level,3.0,47.0,Medium,3.0,1,1.5190952257919288,0.27323693452373643
TROW,T Rowe Price Group Inc,Financial Services,Asset Management,7878.0,16.9,2.4,5.6,8.9,Low Controversy Level,1.0,17.0,Low,1.0,0,-1.0299748503922708,-0.7244173219629492
SYY,Sysco Corporation,Consumer Defensive,Food Distribution,72000.0,15.9,5.4,4.5,6.1,Moderate Controversy Level,2.0,14.0,Low,2.0,0,-1.1070220501162902,0.3247292564683041
SYF,Synchrony Financial,Financial Services,Credit Services,20000.0,17.3,0.1,7.3,9.9,Moderate Controversy Level,2.0,18.0,Low,2.0,3,0.26016932079566146,-0.9589262634751058
SYK,Stryker Corporation,Healthcare,Medical Devices,52000.0,28.3,4.0,11.0,13.2,Moderate Controversy Level,2.0,62.0,Medium,2.0,3,1.6742907983172672,-1.040477162906681
STLD,Steel Dynamics Inc,Basic Materials,Steel,12600.0,33.0,10.6,8.1,14.4,Low Controversy Level,1.0,78.0,High,1.0,2,0.4746993134372289,0.18017006586642767
STT,State Street Corporation,Financial Services,Asset Management,45871.0,24.1,1.6,9.5,12.9,Low Controversy Level,1.0,45.0,Medium,1.0,3,0.5915427300089638,-1.5459083315544908
SBUX,Starbucks Corp,Consumer Cyclical,Restaurants,381000.0,24.7,5.8,4.3,14.6,Significant Controversy Level,3.0,48.0,Medium,3.0,1,1.0828605278286279,1.1532758494984316
SWK,"Stanley Black & Decker, Inc.",Industrials,Tools & Accessories,50000.0,25.3,5.0,7.8,12.5,Moderate Controversy Level,2.0,50.0,Medium,2.0,3,0.8077131231531182,-0.22939352050405196
LUV,Southwest Airlines Co.,Industrials,Airlines,74695.0,30.7,11.0,5.9,13.7,Moderate Controversy Level,2.0,71.0,High,2.0,2,0.5446309000229774,1.1334931385248828
SNA,Snap-on Incorporated,Industrials,Tools & Accessories,13200.0,30.5,9.0,7.6,13.9,Moderate Controversy Level,2.0,71.0,High,2.0,2,0.9849327726651824,0.4719026752599032
SWKS,Skyworks Solutions Inc,Technology,Semiconductors,9750.0,28.0,11.8,7.2,8.9,Low Controversy Level,1.0,61.0,Medium,1.0,2,-0.7339465518473072,0.3757722984335088
SPG,"Simon Property Group, Inc.",Real Estate,REIT - Retail,2500.0,14.0,3.8,6.2,4.0,Low Controversy Level,1.0,9.0,Low,1.0,0,-1.7882968892051012,-0.7976397263185538
SRE,Sempra,Utilities,Utilities - Diversified,16835.0,23.6,10.9,4.9,7.8,Moderate Controversy Level,2.0,43.0,Medium,2.0,2,-0.7494518957730945,1.1380707431816377
STX,Seagate Technology Holdings Plcs,Technology,Computer Hardware,33400.0,10.7,1.6,5.3,3.8,Low Controversy Level,1.0,2.0,Low,1.0,0,-2.0140320982938085,-0.9498748641534117
SLB,Schlumberger Limited,Energy,Oil & Gas Equipment & Services,111000.0,20.3,8.1,5.9,6.3,Low Controversy Level,1.0,29.0,Medium,1.0,0,-1.4736235859781444,0.0003167033157536457
CRM,"Salesforce, Inc.",Technology,Software - Application,72682.0,14.9,2.0,5.4,7.5,Low Controversy Level,1.0,11.0,Low,1.0,0,-1.325694547571143,-0.7889264905537156
SPGI,S&p Global Inc.,Financial Services,Financial Data & Stock Exchanges,40450.0,13.0,0.0,6.8,6.2,Low Controversy Level,1.0,7.0,Low,1.0,0,-1.2250642542028896,-1.4357222375712946
RCL,Royal Caribbean Group,Consumer Cyclical,Travel Services,98100.0,20.7,8.1,4.9,7.7,Significant Controversy Level,3.0,31.0,Medium,3.0,2,-0.043507050019506575,1.1526153861693151
ROST,Ross Stores Inc,Consumer Cyclical,Apparel Retail,108000.0,18.2,1.8,5.7,10.8,Moderate Controversy Level,2.0,21.0,Low,2.0,0,0.04372930393983285,-0.3286334391330043
ROL,"Rollins, Inc.",Consumer Cyclical,Personal Services,19000.0,19.3,1.8,6.9,10.6,Low Controversy Level,1.0,26.0,Low,1.0,0,-0.4207352099855024,-1.0373476775582642
ROK,"Rockwell Automation, Inc.",Industrials,Specialty Industrial Machinery,29000.0,17.7,5.4,5.7,6.6,Moderate Controversy Level,2.0,19.0,Low,2.0,0,-0.7419533841489733,0.0858032553731481
RHI,Robert Half Inc.,Industrials,Staffing & Employment Services,15000.0,10.9,0.1,3.4,7.4,Low Controversy Level,1.0,3.0,Low,1.0,0,-1.7874521305721314,-0.657924224303857
RVTY,"Revvity, Inc.",Healthcare,Diagnostics & Research,11000.0,16.7,0.8,5.8,10.1,Moderate Controversy Level,2.0,16.0,Low,2.0,0,-0.0523583314095722,-0.5260320525994686
RMD,Resmed Inc.,Healthcare,Medical Instruments & Supplies,,26.4,3.5,10.4,12.4,Low Controversy Level,1.0,55.0,Medium,1.0,3,0.6930608539502384,-1.4625249472759028
RSG,Republic Services Inc.,Industrials,Waste Management,41000.0,20.9,11.2,3.7,6.0,Significant Controversy Level,3.0,31.0,Medium,3.0,2,-0.64854623452704,1.8273972319840774
RF,Regions Financial Corp.,Financial Services,Banks - Regional,20101.0,16.9,1.8,8.4,6.7,Moderate Controversy Level,2.0,17.0,Low,2.0,3,-0.07880296620576904,-1.0369767208973804
REGN,Regeneron Pharmaceuticals Inc,Healthcare,Biotechnology,13677.0,18.0,0.3,6.7,11.0,Moderate Controversy Level,2.0,21.0,Low,2.0,3,0.320027394606685,-0.7646936144548804
O,Realty Income Corporation,Real Estate,REIT - Retail,418.0,15.5,4.4,5.7,5.3,Moderate Controversy Level,2.0,13.0,Low,2.0,0,-0.9693306547314253,-0.10993191575822302
RJF,"Raymond James Financial, Inc.",Financial Services,Capital Markets,18000.0,27.0,2.3,13.4,11.2,Moderate Controversy Level,2.0,57.0,Medium,2.0,3,1.8751671440087312,-1.8768971810245758
RL,Ralph Lauren Corporation,Consumer Cyclical,Apparel Manufacturing,14800.0,14.6,1.2,5.6,7.8,Moderate Controversy Level,2.0,10.0,Low,2.0,0,-0.5166522563387137,-0.49735480138418736
DGX,Quest Diagnostics Inc.,Healthcare,Diagnostics & Research,50000.0,21.2,0.1,8.0,13.1,Significant Controversy Level,3.0,33.0,Medium,3.0,1,1.7016117642435657,-0.5563403281960072
PWR,"Quanta Services, Inc.",Industrials,Engineering & Construction,52500.0,36.9,12.1,9.0,15.7,Moderate Controversy Level,2.0,88.0,High,2.0,1,1.607465271734202,0.7079913209300249
QCOM,Qualcomm Inc,Technology,Semiconductors,50000.0,15.4,5.3,5.6,4.5,Significant Controversy Level,3.0,12.0,Low,3.0,0,-0.4404091188814269,0.47003113215457276
PHM,"Pultegroup, Inc.",Consumer Cyclical,Residential Construction,6382.0,21.4,9.2,4.9,7.3,Moderate Controversy Level,2.0,34.0,Medium,2.0,2,-0.8270684951396783,0.8612059709383967
PSA,Public Storage,Real Estate,REIT - Industrial,6200.0,13.1,4.7,5.7,2.6,Low Controversy Level,1.0,7.0,Low,1.0,0,-2.162422687303358,-0.5991079027111468
PEG,Public Service Enterprise Group Incorporated,Utilities,Utilities - Regulated Electric,12543.0,27.2,12.5,5.5,9.3,Moderate Controversy Level,2.0,58.0,Medium,2.0,2,-0.35305986630053915,1.304658539541052
PRU,"Prudential Financial, Inc.",Financial Services,Insurance - Life,40366.0,19.9,0.6,9.3,10.0,Low Controversy Level,1.0,28.0,Low,1.0,3,0.029323087060163563,-1.7513891370051706
PLD,"Prologis, Inc.",Real Estate,REIT - Industrial,2574.0,10.3,2.7,5.0,2.5,Low Controversy Level,1.0,3.0,Low,1.0,0,-2.325797718270343,-0.7599694555541993
PGR,Progressive Corporation,Financial Services,Insurance - Property & Casualty,61432.0,20.0,1.5,10.1,8.5,Moderate Controversy Level,2.0,28.0,Medium,2.0,3,0.6378390360287173,-1.3857529846980088
PG,Procter & Gamble Company,Consumer Defensive,Household & Personal Products,107000.0,28.6,9.6,6.7,12.2,Significant Controversy Level,3.0,63.0,Medium,3.0,1,1.1703458133562887,1.1466554766763644
PFG,"Principal Financial Group, Inc.",Financial Services,Asset Management,19800.0,14.2,0.8,7.6,5.8,Low Controversy Level,1.0,9.0,Low,1.0,0,-1.1201497455165086,-1.4963729355830617
PPL,Ppl Corporation,Utilities,Utilities - Regulated Electric,6629.0,31.3,17.1,5.3,8.9,Moderate Controversy Level,2.0,74.0,High,2.0,2,-0.5055108616956404,2.039078090501589
PPG,"Ppg Industries, Inc.",Basic Materials,Specialty Chemicals,50000.0,25.2,11.0,6.5,7.7,Moderate Controversy Level,2.0,50.0,Medium,2.0,2,-0.40194573418482893,0.8097720287664495
PNC,Pnc Financial Services Group,Financial Services,Banks - Regional,54441.0,26.1,1.9,10.8,13.3,Significant Controversy Level,3.0,53.0,Medium,3.0,1,2.365342762840288,-0.869577179694726
PNW,Pinnacle West Capital Corporation,Utilities,Utilities - Regulated Electric,6133.0,30.8,14.7,5.8,10.2,Low Controversy Level,1.0,72.0,High,1.0,2,-0.8413068747495963,1.16049258142505
PSX,Phillips 66,Energy,Oil & Gas Refining & Marketing,14000.0,35.4,20.8,5.8,8.8,Significant Controversy Level,3.0,84.0,High,3.0,2,0.2663031271143586,2.943383278093425
PM,Philip Morris International Inc.,Consumer Defensive,Tobacco,82700.0,28.5,3.4,11.5,13.5,Significant Controversy Level,3.0,63.0,Medium,3.0,1,2.5505224745790223,-0.7820722393120565
PCG,Pg&e Corporation,Utilities,Utilities - Regulated Electric,28010.0,30.4,9.6,5.4,15.4,High Controversy Level,4.0,70.0,High,4.0,1,2.1538886091508602,1.9746858283421702
PFE,Pfizer Inc.,Healthcare,Drug Manufacturers - General,88000.0,24.6,2.1,9.6,12.9,Significant Controversy Level,3.0,47.0,Medium,3.0,1,2.01684431022936,-0.5967331519690937
PEP,"Pepsico, Inc.",Consumer Defensive,Beverages - Non-Alcoholic,318000.0,22.1,7.3,5.2,9.6,Significant Controversy Level,3.0,36.0,Medium,3.0,2,0.37440987962939676,1.0282936013789987
PNR,Pentair Plc,Industrials,Specialty Industrial Machinery,10500.0,22.1,6.0,6.1,10.0,Low Controversy Level,1.0,36.0,Medium,1.0,0,-0.7436965263893812,-0.24313085494266795
PYPL,"Paypal Holdings, Inc.",Financial Services,Credit Services,27200.0,17.8,2.8,5.8,9.2,Moderate Controversy Level,2.0,20.0,Low,2.0,0,-0.22990593187188849,-0.24894625149480554
PAYX,Paychex Inc,Industrials,Staffing & Employment Services,16000.0,16.7,3.2,6.4,7.2,Low Controversy Level,1.0,16.0,Low,1.0,0,-1.1599154228817141,-0.8275537066905744
PH,Parker-Hannifin Corporation,Industrials,Specialty Industrial Machinery,62730.0,29.5,9.5,6.2,13.8,Moderate Controversy Level,2.0,67.0,Medium,2.0,2,0.6425983385361,0.8430703791909808
PARA,Paramount Global Class B,Communication Services,Entertainment,21900.0,15.0,0.1,7.4,7.5,Significant Controversy Level,3.0,11.0,Low,3.0,1,0.5525584433440136,-0.6117222691329218
PANW,"Palo Alto Networks, Inc.",Technology,Software - Infrastructure,15166.0,13.9,0.7,5.6,7.6,Low Controversy Level,1.0,9.0,Low,1.0,0,-1.252117653559362,-1.0274271321851793
PKG,Packaging Corp of America,Consumer Cyclical,Packaging & Containers,14900.0,18.6,14.0,3.6,1.1,Low Controversy Level,1.0,23.0,Low,1.0,0,-2.9837475879836743,1.223806993348563
PCAR,Paccar Inc,Industrials,Farm & Heavy Construction Machinery,32400.0,27.6,8.4,8.3,11.0,Significant Controversy Level,3.0,60.0,Medium,3.0,1,1.3288495984902409,0.5831830052998984
ORCL,Oracle Corp,Technology,Software - Infrastructure,164000.0,13.9,0.5,5.6,7.8,Moderate Controversy Level,2.0,9.0,Low,2.0,0,-0.5114177889233528,-0.6046294404750467
OKE,"Oneok, Inc.",Energy,Oil & Gas Midstream,4775.0,25.1,10.8,3.3,11.0,Low Controversy Level,1.0,50.0,Medium,1.0,2,-1.2399917692016014,1.1207701506669223
ON,On Semiconductor Corp,Technology,Semiconductors,30000.0,22.4,11.8,4.9,5.7,Low Controversy Level,1.0,38.0,Medium,1.0,0,-1.83863596185067,0.7604532253622638
OMC,Omnicom Group Inc.,Communication Services,Advertising Agencies,75900.0,16.3,0.1,6.9,9.3,Low Controversy Level,1.0,15.0,Low,1.0,0,-0.6428780131525934,-1.3403574877804945
OXY,Occidental Petroleum Corporation,Energy,Oil & Gas E&P,12570.0,41.7,25.0,7.0,9.7,Moderate Controversy Level,2.0,93.0,Severe,2.0,2,-0.030844661077443977,2.9142663014344308
ORLY,"O'reilly Automotive, Inc.",Consumer Cyclical,Specialty Retail,90601.0,12.1,0.1,3.8,8.1,Low Controversy Level,1.0,5.0,Low,1.0,0,-1.5694117727160208,-0.7201361993495826
NXPI,Nxp Semiconductors N.v.,Technology,Semiconductors,34200.0,19.8,8.6,5.8,5.4,Low Controversy Level,1.0,27.0,Low,1.0,0,-1.6628494529330682,0.06880049861648249
NVR,"Nvr, Inc.",Consumer Cyclical,Residential Construction,6300.0,20.3,7.2,5.2,7.8,Low Controversy Level,1.0,29.0,Medium,1.0,0,-1.3561718009968238,0.060319659287744826
NVDA,Nvidia Corp,Technology,Semiconductors,29600.0,13.6,2.3,6.3,4.9,Moderate Controversy Level,2.0,8.0,Low,2.0,0,-0.8885204600895967,-0.5724616769363076
NUE,Nucor Corporation,Basic Materials,Steel,32000.0,32.8,9.3,8.8,14.7,Moderate Controversy Level,2.0,78.0,High,2.0,1,1.401955421879678,0.288755908731522
NRG,"Nrg Energy, Inc.",Utilities,Utilities - Independent Power Producers,18131.0,32.0,16.8,5.7,9.5,Moderate Controversy Level,2.0,75.0,High,2.0,2,-0.30329293613658137,1.927623140383835
NCLH,Norwegian Cruise Line Holdings Ltd.s,Consumer Cyclical,Travel Services,41000.0,25.9,9.0,6.1,10.9,Moderate Controversy Level,2.0,53.0,Medium,2.0,2,0.09953477267327977,0.6929420951287228
NOC,Northrop Grumman Corp.,Industrials,Aerospace & Defense,101000.0,27.5,7.8,5.4,14.4,Moderate Controversy Level,2.0,59.0,Medium,2.0,2,0.5805454103338811,0.7723328007235335
NTRS,Northern Trust Corp,Financial Services,Asset Management,23000.0,23.9,1.9,10.2,11.8,Moderate Controversy Level,2.0,44.0,Medium,2.0,3,1.2539134848511284,-1.2378771300878069
NSC,Norfolk Southern Corp.,Industrials,Railroads,20700.0,23.9,8.0,5.4,10.5,Significant Controversy Level,3.0,44.0,Medium,3.0,2,0.5775573562549402,1.1224369665575504
NDSN,Nordson Corp,Industrials,Specialty Industrial Machinery,7700.0,24.9,8.2,5.1,11.6,Low Controversy Level,1.0,49.0,Medium,1.0,2,-0.7000451259204524,0.3590302949227935
NI,Nisource Inc.,Utilities,Utilities - Regulated Gas,7364.0,26.0,12.0,4.9,9.2,Significant Controversy Level,3.0,53.0,Medium,3.0,2,0.19831612079229163,1.7993103216004218
NKE,"Nike, Inc.",Consumer Cyclical,Footwear & Accessories,83700.0,19.6,3.0,6.7,10.0,Significant Controversy Level,3.0,27.0,Low,3.0,1,0.8222523028211525,0.06331002509175636
NEE,"Nextra Energy, Inc.",Utilities,Utilities - Regulated Electric,16800.0,23.3,9.4,5.6,8.3,Moderate Controversy Level,2.0,41.0,Medium,2.0,2,-0.4876414258290518,0.7756316195598889
NWSA,News Corporation Class A,Communication Services,Entertainment,25000.0,11.5,0.0,6.7,4.7,Moderate Controversy Level,2.0,4.0,Low,2.0,0,-0.8158731171443001,-1.0165606338640767
NEM,Newmont Corporation,Basic Materials,Gold,21700.0,20.5,7.1,5.2,8.2,Significant Controversy Level,3.0,30.0,Medium,3.0,2,0.12298458509718305,0.9518898880326642
NFLX,Netflix Inc,Communication Services,Entertainment,13000.0,16.4,0.1,9.0,7.3,Moderate Controversy Level,2.0,15.0,Low,2.0,3,0.1796738589493448,-1.4055253908355227
NTAP,"Netapp, Inc",Technology,Computer Hardware,,15.4,2.2,5.5,7.7,Low Controversy Level,1.0,12.0,Low,1.0,0,-1.268163576357024,-0.7730125549952007
NDAQ,"Nasdaq, Inc.",Financial Services,Financial Data & Stock Exchanges,8568.0,13.1,0.0,7.4,5.6,Low Controversy Level,1.0,7.0,Low,1.0,0,-1.1960890127572705,-1.582964340971549
MSCI,"Msci, Inc.",Financial Services,Financial Data & Stock Exchanges,5858.0,16.3,1.6,7.7,7.0,Low Controversy Level,1.0,15.0,Low,1.0,0,-0.8864477059077787,-1.3558280119015023
MSI,"Motorola Solutions, Inc.",Technology,Communication Equipment,21000.0,13.1,2.3,5.8,5.1,Low Controversy Level,1.0,7.0,Low,1.0,0,-1.669936572620011,-0.9064756424433714
MS,Morgan Stanley,Financial Services,Capital Markets,80000.0,24.6,1.1,10.5,12.9,Moderate Controversy Level,2.0,47.0,Medium,2.0,3,1.5273042106995245,-1.388343952857113
MCO,Moody's Corporation,Financial Services,Financial Data & Stock Exchanges,15439.0,15.8,1.6,8.1,6.1,Moderate Controversy Level,2.0,14.0,Low,2.0,0,-0.2543870040854752,-1.0234187338067189
MNST,Monster Beverage Corporation,Consumer Defensive,Beverages - Non-Alcoholic,5254.0,29.2,12.1,5.1,12.0,Moderate Controversy Level,2.0,66.0,Medium,2.0,2,0.04612726623285604,1.4166871322312777
MDLZ,"Mondelez International, Inc. Class A",Consumer Defensive,Confectioners,91000.0,22.0,7.2,5.4,9.4,Significant Controversy Level,3.0,36.0,Medium,3.0,2,0.38481607450394056,0.9638879518040292
TAP,Molson Coors Beverage Company Class B,Consumer Defensive,Beverages - Brewers,16500.0,21.4,7.3,5.5,8.6,Moderate Controversy Level,2.0,33.0,Medium,2.0,2,-0.44063567954044575,0.4848843123487676
MHK,"Mohawk Industries, Inc.",Consumer Cyclical,"Furnishings, Fixtures & Appliances",43300.0,14.1,5.8,4.2,4.2,Moderate Controversy Level,2.0,9.0,Low,2.0,0,-1.5219478555278443,0.38775124749241513
MAA,"Mid-America Apartment Communities, Inc.",Real Estate,REIT - Residential,2427.0,13.1,3.9,6.3,3.0,Low Controversy Level,1.0,7.0,Low,1.0,0,-1.9468074426324062,-0.8362682961700747
MSFT,Microsoft Corp,Technology,Software - Infrastructure,221000.0,15.1,1.5,6.1,7.5,Significant Controversy Level,3.0,11.0,Low,3.0,0,0.24445473753862543,-0.12063412029984334
MU,"Micron Technology, Inc.",Technology,Semiconductors,43000.0,18.2,7.2,5.5,5.5,Moderate Controversy Level,2.0,21.0,Low,2.0,0,-0.9999269382080751,0.36824734173863194
MCHP,Microchip Technology Inc,Technology,Semiconductors,22300.0,31.8,15.3,7.4,9.2,Low Controversy Level,1.0,75.0,High,1.0,2,-0.660131597733588,0.8794054414912551
MGM,Mgm Resorts International,Consumer Cyclical,Resorts & Casinos,58000.0,24.8,1.3,10.5,13.0,Moderate Controversy Level,2.0,48.0,Medium,2.0,3,1.5438744240559132,-1.354425926226637
MET,"Metlife, Inc.",Financial Services,Insurance - Life,45000.0,16.4,0.7,8.8,7.0,Moderate Controversy Level,2.0,15.0,Low,2.0,3,0.07519988140279779,-1.2808356477896654
META,"Meta Platforms, Inc. Class A",Communication Services,Internet Content & Information,69329.0,34.1,2.7,10.3,21.1,High Controversy Level,4.0,81.0,High,4.0,1,4.357088841074414,0.06120896132799709
MRK,"Merck & Co., Inc.",Healthcare,Drug Manufacturers - General,70000.0,21.4,1.9,8.9,10.6,Significant Controversy Level,3.0,34.0,Medium,3.0,1,1.442562159742909,-0.5536444873064439
MDT,Medtronic Plc,Healthcare,Medical Devices,95000.0,22.8,1.8,7.6,13.4,Significant Controversy Level,3.0,39.0,Medium,3.0,1,1.6515168831293563,-0.2009229321701721
MCK,Mckesson Corporation,Healthcare,Medical Distribution,45000.0,15.2,1.6,6.3,7.3,Significant Controversy Level,3.0,12.0,Low,3.0,0,0.2533653702944946,-0.15438987299171003
MCD,Mcdonald's Corporation,Consumer Cyclical,Restaurants,100000.0,26.0,7.6,5.8,12.6,Significant Controversy Level,3.0,53.0,Medium,3.0,1,1.051509694999288,1.0446790142088511
MKC,"Mccormick & Company, Incorporated Non-Vtg Cs",Consumer Defensive,Packaged Foods,13800.0,26.1,9.6,5.3,11.1,Moderate Controversy Level,2.0,53.0,Medium,2.0,2,-0.05198022179395017,0.9616058118274609
MA,Mastercard Incorporated,Financial Services,Credit Services,33400.0,17.1,2.2,8.3,6.7,High Controversy Level,4.0,17.0,Low,4.0,1,1.3014564303086313,-0.06058204811486372
MAS,Masco Corporation,Industrials,Building Products & Equipment,18000.0,22.2,9.7,6.8,5.6,Low Controversy Level,1.0,37.0,Medium,1.0,0,-1.405993669808985,0.031188982774940668
MLM,Martin Marietta Materials,Basic Materials,Building Materials,9400.0,30.1,16.7,8.7,4.8,Moderate Controversy Level,2.0,69.0,High,2.0,2,-0.4647871309252269,1.1205294692356593
MMC,"Marsh & Mclennan Companies, Inc.",Financial Services,Insurance Brokers,85000.0,21.1,0.1,9.7,11.3,Moderate Controversy Level,2.0,32.0,Medium,2.0,3,1.0625697546305488,-1.4237057466759224
MAR,Marriot International Class A,Consumer Cyclical,Lodging,411000.0,21.4,8.6,3.7,9.2,Significant Controversy Level,3.0,34.0,Medium,3.0,2,-0.05099911178224111,1.5335287244197013
MPC,Marathon Petroleum Corporation,Energy,Oil & Gas Refining & Marketing,18200.0,30.5,17.1,5.3,8.1,Significant Controversy Level,3.0,71.0,High,3.0,2,0.05303568607105983,2.4598443816210875
MRO,Marathon Oil Corporation,Energy,Oil & Gas E&P,1681.0,37.7,21.1,7.6,9.1,Moderate Controversy Level,2.0,89.0,High,2.0,2,0.027294041682328428,2.169351208813676
MTB,M&t Bank Corp.,Financial Services,Banks - Regional,21927.0,26.5,2.6,13.6,10.3,Low Controversy Level,1.0,55.0,Medium,1.0,3,1.053049034753274,-2.3497912741634437
LYB,Lyondellbasell Industries N.v. Class A,Basic Materials,Specialty Chemicals,20000.0,20.7,13.5,5.1,2.1,Moderate Controversy Level,2.0,31.0,Medium,2.0,2,-1.7528534406291463,1.3076915654230008
LULU,Lululemon Athletica Inc.,Consumer Cyclical,Apparel Retail,38000.0,16.9,1.6,5.5,9.9,Moderate Controversy Level,2.0,17.0,Low,2.0,0,-0.16315707798239693,-0.34615206210379934
LOW,Lowe's Companies Inc.,Consumer Cyclical,Home Improvement Retail,300000.0,11.8,3.3,3.2,5.3,Moderate Controversy Level,2.0,5.0,Low,2.0,0,-1.5334796226453815,0.2532991718680965
L,Loews Corporation,Financial Services,Insurance - Property & Casualty,12280.0,16.4,0.6,11.5,4.3,Moderate Controversy Level,2.0,15.0,Low,2.0,3,0.20633624896742125,-1.9587500615323608
LMT,Lockheed Martin Corp.,Industrials,Aerospace & Defense,122000.0,30.2,8.0,7.1,15.1,Significant Controversy Level,3.0,70.0,High,3.0,1,1.797797728613191,0.911143181008039
LKQ,Lkq Corporation,Consumer Cyclical,Auto Parts,49000.0,11.1,3.8,3.3,4.0,Moderate Controversy Level,2.0,4.0,Low,2.0,0,-1.7491786267352258,0.2661660065406598
LEN,Lennar Corporation Class A,Consumer Cyclical,Residential Construction,12284.0,25.4,11.3,5.6,8.6,Moderate Controversy Level,2.0,51.0,Medium,2.0,2,-0.4476519395312697,1.0766100291914849
LDOS,"Leidos Holdings, Inc.",Technology,Information Technology Services,47000.0,17.6,3.4,5.3,9.0,Moderate Controversy Level,2.0,19.0,Low,2.0,0,-0.384999081091372,-0.05717171624356814
LVS,Las Vegas Sands Corp.,Consumer Cyclical,Resorts & Casinos,38400.0,18.7,2.3,8.7,7.7,Moderate Controversy Level,2.0,23.0,Low,2.0,3,0.16680083039617874,-0.9914873436738927
LRCX,Lam Research Corp,Technology,Semiconductor Equipment & Materials,17200.0,13.6,4.5,5.1,4.0,Low Controversy Level,1.0,8.0,Low,1.0,0,-2.0453761628297955,-0.45637065821500544
LH,Labcorp Holdings Inc.,Healthcare,Diagnostics & Research,67000.0,19.7,0.4,6.6,12.7,Moderate Controversy Level,2.0,27.0,Low,2.0,3,0.6035028142407592,-0.6725382394886407
KMI,"Kinder Morgan, Inc.",Energy,Oil & Gas Midstream,10891.0,19.0,8.3,3.5,7.2,Moderate Controversy Level,2.0,24.0,Low,2.0,0,-1.1589339944380392,1.0178243966877563
KMB,Kimberly-Clark Corp.,Consumer Defensive,Household & Personal Products,41000.0,28.5,10.4,7.6,10.4,Moderate Controversy Level,2.0,63.0,Medium,2.0,2,0.34216169620724046,0.5720674122835424
KEYS,"Keysight Technologies, Inc.",Technology,Scientific & Technical Instruments,15400.0,7.6,1.2,4.7,1.8,Low Controversy Level,1.0,1.0,Negligible,1.0,0,-2.509726377853728,-0.9489039279510788
KEY,Keycorp,Financial Services,Banks - Regional,16752.0,21.4,1.6,10.7,9.2,Low Controversy Level,1.0,34.0,Medium,1.0,3,0.19784882602361592,-1.9220957820393416
K,Kellanova,Consumer Defensive,Packaged Foods,23000.0,28.4,10.6,4.4,13.4,Moderate Controversy Level,2.0,63.0,Medium,2.0,2,0.14999996209513686,1.381472267806587
JNPR,Juniper Networks Inc,Technology,Communication Equipment,11144.0,14.8,1.8,5.8,7.2,Low Controversy Level,1.0,11.0,Low,1.0,0,-1.2868163823469925,-0.9144696599562805
JPM,Jpmorgan Chase & Co.,Financial Services,Banks - Diversified,311921.0,29.3,1.1,11.7,16.5,Significant Controversy Level,3.0,66.0,Medium,3.0,1,3.155484667961016,-1.0790466026851966
JCI,Johnson Controls International Plc,Industrials,Building Products & Equipment,100000.0,14.4,4.5,5.4,4.6,Significant Controversy Level,3.0,10.0,Low,3.0,0,-0.4621510596969986,0.39324411600820647
JNJ,Johnson & Johnson,Healthcare,Drug Manufacturers - General,131900.0,24.0,0.9,8.0,15.0,High Controversy Level,4.0,45.0,Medium,4.0,1,2.741952001362281,0.07526505363499175
JBHT,Jb Hunt Transport Services Inc,Industrials,Integrated Freight & Logistics,34718.0,14.8,3.3,5.0,6.6,Low Controversy Level,1.0,11.0,Low,1.0,0,-1.5895876101487652,-0.5340264452625701
J,Jacobs Solutions Inc.,Industrials,Engineering & Construction,60000.0,22.4,5.3,5.6,11.5,Significant Controversy Level,3.0,34.0,Medium,3.0,1,0.8241951643730139,0.698800214470731
IRM,Iron Mountain Inc.,Real Estate,REIT - Specialty,27000.0,14.5,5.0,5.8,3.7,Moderate Controversy Level,2.0,10.0,Low,2.0,0,-1.2399747663057974,-0.09154452188622952
IQV,Iqvia Holdings Inc.,Healthcare,Diagnostics & Research,87000.0,19.1,1.3,7.2,10.6,Moderate Controversy Level,2.0,25.0,Low,2.0,3,0.35476139402639173,-0.7308777531255388
IVZ,Invesco Ltd,Financial Services,Asset Management,8527.0,22.8,0.7,11.0,11.0,Moderate Controversy Level,2.0,39.0,Medium,2.0,3,1.3015205128240013,-1.6180993159200954
ISRG,Intuitive Surgical Inc.,Healthcare,Medical Instruments & Supplies,13676.0,21.1,3.7,7.8,9.6,Low Controversy Level,1.0,32.0,Medium,1.0,3,-0.4095459634195452,-0.9703049420165443
INTU,Intuit Inc,Technology,Software - Application,18200.0,16.4,1.0,4.7,10.7,Moderate Controversy Level,2.0,15.0,Low,2.0,0,-0.1973040468871991,-0.24177894821943505
IP,International Paper Co.,Consumer Cyclical,Packaging & Containers,39000.0,24.5,15.1,4.8,4.5,Significant Controversy Level,3.0,47.0,Medium,3.0,2,-0.6968515217578116,2.1420538459812843
IFF,International Flavors & Fragrances Inc.,Basic Materials,Specialty Chemicals,21500.0,22.7,10.5,6.6,5.6,Significant Controversy Level,3.0,39.0,Medium,3.0,2,-0.05162037991460052,1.0901556701429982
IBM,International Business Machines Corporation,Technology,Information Technology Services,282200.0,14.1,1.8,6.1,6.2,Moderate Controversy Level,2.0,9.0,Low,2.0,0,-0.695716438382419,-0.5640562907895355
ICE,Intercontinental Exchange Inc.,Financial Services,Financial Data & Stock Exchanges,13226.0,19.8,1.7,8.8,9.3,Low Controversy Level,1.0,27.0,Low,1.0,3,-0.21983784483132351,-1.499330508283045
INTC,Intel Corp,Technology,Semiconductors,130700.0,18.9,4.9,6.6,7.3,Significant Controversy Level,3.0,24.0,Low,3.0,0,0.2973735424843647,0.2875167631214773
INCY,Incyte Genomics Inc,Healthcare,Biotechnology,2524.0,24.8,1.1,7.4,16.3,Low Controversy Level,1.0,48.0,Medium,1.0,3,0.7287233714218079,-1.0647000251454997
ILMN,Illumina Inc,Healthcare,Diagnostics & Research,10590.0,18.6,0.1,6.9,11.6,Significant Controversy Level,3.0,23.0,Low,3.0,1,1.1787803259082814,-0.37136784539392365
ITW,Illinois Tool Works Inc.,Industrials,Specialty Industrial Machinery,45000.0,25.3,7.0,6.5,11.8,Moderate Controversy Level,2.0,50.0,Medium,2.0,2,0.3686623026662627,0.3307674107467182
IDXX,Idexx Laboratories Inc,Healthcare,Diagnostics & Research,11000.0,18.7,2.6,8.9,7.1,Low Controversy Level,1.0,23.0,Low,1.0,3,-0.6011199524340881,-1.4545770475706397
HBAN,Huntington Bancshares Inc,Financial Services,Banks - Regional,19719.0,21.8,2.0,8.7,11.2,Moderate Controversy Level,2.0,35.0,Medium,2.0,3,0.8013463152014108,-0.9230776478404675
HUM,Humana Inc.,Healthcare,Healthcare Plans,67600.0,22.5,0.0,5.7,16.7,Moderate Controversy Level,2.0,38.0,Medium,2.0,1,1.1230701160366465,-0.4116628559858802
HPQ,Hp Inc.,Technology,Computer Hardware,58000.0,11.3,0.1,6.1,5.1,Moderate Controversy Level,2.0,4.0,Low,2.0,0,-0.8817276905993834,-0.8605298415170185
HST,"Host Hotels & Resorts, Inc.",Real Estate,REIT - Hotel & Motel,163.0,13.4,3.3,5.5,4.6,Low Controversy Level,1.0,7.0,Low,1.0,0,-1.8364282077367007,-0.7057501443067207
HRL,Hormel Foods Corporation,Consumer Defensive,Packaged Foods,20000.0,30.0,13.3,6.0,10.7,Significant Controversy Level,3.0,69.0,Medium,3.0,2,0.7114264053561918,1.8135621685385055
HON,"Honeywell International, Inc.",Industrials,Conglomerates,95000.0,28.6,11.0,7.0,10.6,Significant Controversy Level,3.0,64.0,Medium,3.0,2,0.9395094180725518,1.2450980164420977
HD,"Home Depot, Inc.",Consumer Cyclical,Home Improvement Retail,465000.0,12.6,3.3,3.8,5.6,Moderate Controversy Level,2.0,6.0,Low,2.0,0,-1.3419124019241915,0.1354702361942054
HOLX,Hologic Inc,Healthcare,Medical Instruments & Supplies,6990.0,25.0,4.6,8.4,12.1,Low Controversy Level,1.0,49.0,Medium,1.0,3,0.17273828821900533,-0.8783104872742524
HLT,Hilton Worldwide Holdings Inc.,Consumer Cyclical,Lodging,178000.0,17.6,6.1,4.4,7.0,Moderate Controversy Level,2.0,19.0,Low,2.0,0,-0.9725595206387466,0.48268928410486167
HPE,Hewlett Packard Enterprise Company,Technology,Communication Equipment,62000.0,10.7,0.9,5.6,4.1,Moderate Controversy Level,2.0,3.0,Low,2.0,0,-1.1828426057380492,-0.6642504473616679
HES,Hess Corporation,Energy,Oil & Gas E&P,1756.0,33.1,18.9,7.0,7.2,Moderate Controversy Level,2.0,79.0,High,2.0,2,-0.43687440333445676,1.8977412028154579
HSIC,Henry Schein Inc,Healthcare,Medical Distribution,25000.0,13.9,2.0,6.3,5.7,Moderate Controversy Level,2.0,9.0,Low,2.0,0,-0.7417509131110775,-0.592291484281972
HCA,"Hca Healthcare, Inc.",Healthcare,Medical Care Facilities,220000.0,28.8,3.9,7.2,17.7,Significant Controversy Level,3.0,64.0,Medium,3.0,1,2.3210618967803347,0.3465194475168155
HAS,"Hasbro, Inc.",Consumer Cyclical,Leisure,5502.0,7.1,0.0,4.2,2.9,Moderate Controversy Level,2.0,1.0,Negligible,2.0,0,-1.7134316352621077,-0.5435814488334193
HAL,Halliburton Company,Energy,Oil & Gas Equipment & Services,49000.0,25.6,9.8,6.9,8.9,Moderate Controversy Level,2.0,52.0,Medium,2.0,2,-0.0846031262413539,0.5800013211589765
GS,Goldman Sachs Group Inc.,Financial Services,Capital Markets,44400.0,25.5,0.9,11.8,12.8,Moderate Controversy Level,2.0,51.0,Medium,2.0,3,1.808368768317802,-1.6988008501389493
GL,Globe Life Inc.,Financial Services,Insurance - Life,3636.0,20.4,1.6,10.5,8.3,Moderate Controversy Level,2.0,29.0,Medium,2.0,3,0.69253963354992,-1.4620531790285463
GPN,"Global Payments, Inc.",Industrials,Specialty Business Services,27000.0,20.9,3.7,6.5,10.7,Low Controversy Level,1.0,31.0,Medium,1.0,0,-0.5084572041685137,-0.6578166441440739
GILD,Gilead Sciences Inc,Healthcare,Drug Manufacturers - General,18000.0,23.0,1.0,7.6,14.3,Moderate Controversy Level,2.0,40.0,Medium,2.0,1,1.1170183593124174,-0.7410206810747074
GPC,Genuine Parts Company,Consumer Cyclical,Auto Parts,60000.0,13.7,4.7,3.8,5.2,Moderate Controversy Level,2.0,8.0,Low,2.0,0,-1.4246444386551667,0.3369469953864292
GM,General Motors Company,Consumer Cyclical,Auto Manufacturers,163000.0,28.5,9.8,7.2,11.5,High Controversy Level,4.0,63.0,Medium,4.0,1,1.8599374863927112,1.4949786903296627
GIS,"General Mills, Inc.",Consumer Defensive,Packaged Foods,34000.0,21.1,8.3,4.1,8.7,Moderate Controversy Level,2.0,32.0,Medium,2.0,2,-0.750577468016088,0.9392130179823497
GE,General Electric Company,Industrials,Aerospace & Defense,125000.0,40.5,14.2,10.9,15.4,Significant Controversy Level,3.0,92.0,Severe,3.0,1,2.6756419599008034,1.062749982491598
GD,General Dynamics Corporation,Industrials,Aerospace & Defense,111600.0,35.2,9.4,6.9,18.9,Significant Controversy Level,3.0,84.0,High,3.0,1,2.4280382970695467,1.2924258312286283
GEN,Gen Digital Inc.,Technology,Software - Infrastructure,3400.0,16.9,3.3,5.4,8.2,Moderate Controversy Level,2.0,17.0,Low,2.0,0,-0.5058825214498757,-0.11991392348344454
IT,"Gartner, Inc.",Technology,Information Technology Services,20290.0,18.9,0.1,5.6,13.2,Low Controversy Level,1.0,24.0,Low,1.0,0,-0.23594754059978595,-0.9363615569815609
GRMN,Garmin Ltd,Technology,Scientific & Technical Instruments,19900.0,20.7,4.8,4.3,11.6,Low Controversy Level,1.0,30.0,Medium,1.0,0,-0.8577804289643185,0.008159814464731711
FCX,Freeport-Mcmoran Inc.,Basic Materials,Copper,27200.0,31.6,15.3,6.4,10.0,High Controversy Level,4.0,74.0,High,4.0,2,1.364663036941877,2.459006674959063
BEN,"Franklin Resources, Inc.",Financial Services,Asset Management,10100.0,18.3,1.1,7.3,9.9,Moderate Controversy Level,2.0,22.0,Low,2.0,3,0.25269151020228886,-0.8056767790595925
FTV,Fortive Corporation,Technology,Scientific & Technical Instruments,18000.0,34.8,16.1,4.7,14.0,Low Controversy Level,1.0,83.0,High,1.0,2,-0.4171211477372401,1.733225219019658
FTNT,"Fortinet, Inc.",Technology,Software - Infrastructure,13522.0,18.9,2.5,6.4,10.0,Low Controversy Level,1.0,24.0,Low,1.0,0,-0.648839242164577,-0.8433207128549703
F,Ford Motor Company,Consumer Cyclical,Auto Manufacturers,177000.0,22.4,7.4,8.5,6.4,Significant Controversy Level,3.0,37.0,Medium,3.0,2,0.5510917019960285,0.2370551108665251
FMC,Fmc Corporation,Basic Materials,Agricultural Inputs,6200.0,30.7,14.4,7.5,8.9,Low Controversy Level,1.0,72.0,High,1.0,2,-0.6847039122420762,0.7104042954558365
FI,"Fiserv, Inc.",Technology,Information Technology Services,42000.0,19.6,4.1,6.8,8.7,Moderate Controversy Level,2.0,27.0,Low,2.0,0,-0.10100613919192372,-0.2787847786848605
FE,Firstenergy Corp.,Utilities,Utilities - Regulated Electric,12042.0,25.6,10.8,5.8,9.0,Significant Controversy Level,3.0,51.0,Medium,3.0,2,0.3772127839982117,1.4174246934330406
FITB,Fifth Third Bancorp,Financial Services,Banks - Regional,18657.0,16.8,1.2,7.5,8.1,Moderate Controversy Level,2.0,17.0,Low,2.0,0,-0.027450264642857183,-0.8917226077094383
FIS,"Fidelity National Information Services, Inc.",Technology,Information Technology Services,60000.0,17.5,4.1,5.2,8.2,Low Controversy Level,1.0,19.0,Low,1.0,0,-1.260727486257115,-0.40168122341085133
FDX,Fedex Corporation,Industrials,Integrated Freight & Logistics,328000.0,19.7,5.7,5.6,8.4,Moderate Controversy Level,2.0,27.0,Low,2.0,0,-0.4419077511585097,0.2118766569698639
FRT,Federal Realty Investment Trust,Real Estate,REIT - Retail,297.0,12.4,2.3,5.8,4.3,Low Controversy Level,1.0,4.0,Low,1.0,0,-1.8144627764205186,-0.9326206804223609
FAST,Fastenal Co,Industrials,Industrial Distribution,20935.0,24.7,9.3,7.1,8.3,Moderate Controversy Level,2.0,48.0,Medium,2.0,2,-0.14346890902971504,0.44122335882830727
FDS,Factset Research Systems,Financial Services,Financial Data & Stock Exchanges,12279.0,18.4,4.3,5.3,8.8,Low Controversy Level,1.0,22.0,Low,1.0,0,-1.130933413142742,-0.3726947688628417
FFIV,"F5, Inc.",Technology,Software - Infrastructure,6077.0,17.1,4.1,5.4,7.6,Low Controversy Level,1.0,18.0,Low,1.0,0,-1.3233321743421622,-0.4638344435337642
XOM,Exxon Mobil Corporation,Energy,Oil & Gas Integrated,62000.0,41.6,23.1,8.5,10.0,Significant Controversy Level,3.0,93.0,Severe,3.0,2,1.084057992782362,2.760724687095535
EXR,"Extra Space Storage, Inc.",Real Estate,REIT - Industrial,7618.0,15.2,4.2,7.3,3.7,Low Controversy Level,1.0,12.0,Low,1.0,0,-1.5936405336583075,-0.9801387508071585
EXPD,"Expeditors International of Washington, Inc.",Industrials,Integrated Freight & Logistics,18403.0,16.6,4.2,4.8,7.6,Moderate Controversy Level,2.0,16.0,Low,2.0,0,-0.7583770981302915,0.1260351589222875
EXPE,"Expedia Group, Inc.",Consumer Cyclical,Travel Services,17100.0,27.6,4.3,10.1,13.3,Moderate Controversy Level,2.0,60.0,Medium,2.0,3,1.4840583891703192,-0.7997842004606348
EXC,Exelon Corporation,Utilities,Utilities - Regulated Electric,19962.0,22.9,7.4,6.4,9.1,Significant Controversy Level,3.0,39.0,Medium,3.0,2,0.558073009786742,0.7720112512516571
ES,Eversource Energy,Utilities,Utilities - Regulated Electric,10000.0,18.6,4.7,5.4,8.6,Moderate Controversy Level,2.0,23.0,Low,2.0,0,-0.44408835438034344,0.10770787368776871
EG,"Everest Group, Ltd.",Financial Services,Insurance - Reinsurance,2844.0,18.0,1.4,9.9,6.7,Low Controversy Level,1.0,20.0,Low,1.0,3,-0.4354598577956283,-1.864271156052104
ESS,"Essex Property Trust, Inc",Real Estate,REIT - Residential,1747.0,12.4,3.5,6.1,2.8,Low Controversy Level,1.0,6.0,Low,1.0,0,-2.025737834110518,-0.8615599077923566
EQR,Equity Residential,Real Estate,REIT - Residential,2400.0,11.9,3.0,6.1,2.9,Low Controversy Level,1.0,5.0,Low,1.0,0,-2.003933153338768,-0.9349165202527395
EQIX,"Equinix, Inc. Reit",Real Estate,REIT - Specialty,13354.0,13.9,3.4,5.1,5.3,Low Controversy Level,1.0,9.0,Low,1.0,0,-1.8022954900012607,-0.582459404356212
EFX,"Equifax, Incorporated",Industrials,Consulting Services,15000.0,23.2,0.1,6.8,16.3,Significant Controversy Level,3.0,41.0,Medium,3.0,1,2.004976790853596,-0.19649352644802465
EQT,Eqt Corp,Energy,Oil & Gas E&P,881.0,35.7,17.7,7.9,10.1,Low Controversy Level,1.0,85.0,High,1.0,2,-0.4010114519687781,1.1702562677181731
EOG,"Eog Resources, Inc.",Energy,Oil & Gas E&P,3050.0,34.2,20.2,7.3,6.7,Low Controversy Level,1.0,81.0,High,1.0,2,-1.1713122389003665,1.5698968922622631
ETR,Entergy Corporation,Utilities,Utilities - Regulated Electric,12000.0,26.7,14.0,5.3,7.3,Moderate Controversy Level,2.0,56.0,Medium,2.0,2,-0.7713820564572005,1.5117146128555186
EMR,Emerson Electric Co.,Industrials,Specialty Industrial Machinery,67000.0,28.4,8.8,6.6,13.1,Low Controversy Level,1.0,62.0,Medium,1.0,2,-0.09012044441052498,0.1809186194926766
LLY,Eli Lilly & Co.,Healthcare,Drug Manufacturers - General,43000.0,24.3,2.5,9.1,12.6,Moderate Controversy Level,2.0,46.0,Medium,2.0,3,1.1421081960862793,-0.8857879724468208
ELV,"Elevance Health, Inc.",Healthcare,Healthcare Plans,104900.0,11.4,0.1,5.3,6.0,Moderate Controversy Level,2.0,4.0,Low,2.0,0,-0.9022955703851456,-0.6609389072359724
EA,Electronic Arts Inc,Communication Services,Electronic Gaming & Multimedia,13700.0,13.3,0.1,4.7,8.4,Moderate Controversy Level,2.0,7.0,Low,2.0,0,-0.6060868532796226,-0.4548704683829917
EW,Edwards Lifesciences Corp,Healthcare,Medical Devices,19800.0,18.6,2.9,7.6,8.1,Low Controversy Level,1.0,23.0,Low,1.0,0,-0.720340311836132,-1.0993820341208893
EIX,Edison International,Utilities,Utilities - Regulated Electric,13003.0,27.5,11.0,5.1,11.4,Significant Controversy Level,3.0,59.0,Medium,3.0,2,0.6490309566023933,1.6754152499884591
ECL,"Ecolab, Inc.",Basic Materials,Specialty Chemicals,48000.0,19.9,8.5,5.3,6.1,Moderate Controversy Level,2.0,27.0,Low,2.0,0,-0.9470434038944123,0.6296248916017119
EBAY,Ebay Inc,Consumer Cyclical,Internet Retail,12300.0,17.6,2.7,7.2,7.7,Moderate Controversy Level,2.0,19.0,Low,2.0,0,-0.17961502958116965,-0.6111042376176572
ETN,"Eaton Corporation, Plcs",Industrials,Specialty Industrial Machinery,94000.0,17.9,5.5,5.7,6.8,Low Controversy Level,1.0,20.0,Low,1.0,0,-1.4096423658253914,-0.3392468657890413
DD,"Dupont De Nemours, Inc.",Basic Materials,Specialty Chemicals,24000.0,28.6,14.7,5.9,8.0,Significant Controversy Level,3.0,63.0,Medium,3.0,2,0.1902865503160908,1.9611441643604692
DUK,Duke Energy Corporation,Utilities,Utilities - Regulated Electric,27037.0,27.0,11.5,4.8,10.7,Moderate Controversy Level,2.0,57.0,Medium,2.0,2,-0.25292607573494513,1.3460684173241177
DTE,Dte Energy Company,Utilities,Utilities - Regulated Electric,9608.0,29.8,15.0,4.7,10.0,Moderate Controversy Level,2.0,68.0,Medium,2.0,2,-0.42845382351985983,1.8808369253661337
DOV,Dover Corporation,Industrials,Specialty Industrial Machinery,25000.0,25.9,8.0,5.4,12.5,Low Controversy Level,1.0,53.0,Medium,1.0,2,-0.46727263737820685,0.29397690330804804
D,"Dominion Energy, Inc",Utilities,Utilities - Regulated Electric,17700.0,26.4,11.9,5.6,8.8,Moderate Controversy Level,2.0,55.0,Medium,2.0,2,-0.4160070749371662,1.1750959793355402
DLTR,Dollar Tree Inc.,Consumer Defensive,Discount Stores,65894.0,20.1,3.3,4.0,12.8,Moderate Controversy Level,2.0,28.0,Medium,2.0,0,0.004613397045709862,0.3282311363664404
DG,Dollar General Corp.,Consumer Defensive,Discount Stores,185800.0,17.6,3.5,5.5,8.6,Moderate Controversy Level,2.0,19.0,Low,2.0,0,-0.41221999928562975,-0.09746372843018238
DFS,Discover Financial Services,Financial Services,Credit Services,21100.0,22.5,0.1,10.5,11.9,Moderate Controversy Level,2.0,38.0,Medium,2.0,3,1.3541242665422628,-1.5742747347463635
DXCM,"Dexcom, Inc.",Healthcare,Medical Devices,9500.0,24.0,5.3,8.1,10.6,Low Controversy Level,1.0,45.0,Medium,1.0,3,-0.17216775847030713,-0.7562411319359923
DVN,Devon Energy Corporation,Energy,Oil & Gas E&P,1900.0,33.8,17.7,7.5,8.6,Moderate Controversy Level,2.0,80.0,High,2.0,2,-0.060505262058188375,1.6532345338833971
DAL,"Delta Air Lines, Inc.",Industrials,Airlines,103000.0,30.3,9.9,5.8,14.6,Moderate Controversy Level,2.0,70.0,High,2.0,2,0.6925534885685916,1.0156040942135172
DE,Deere & Company,Industrials,Farm & Heavy Construction Machinery,83000.0,20.0,2.7,6.5,10.8,Moderate Controversy Level,2.0,28.0,Low,2.0,0,0.22015913346713056,-0.36088666971372524
DHR,Danaher Corporation,Healthcare,Diagnostics & Research,61000.0,11.9,1.4,5.3,5.2,Moderate Controversy Level,2.0,5.0,Low,2.0,0,-1.0565429279570375,-0.4878596154747948
DHI,D.R. Horton Inc.,Consumer Cyclical,Residential Construction,13450.0,21.0,8.7,5.7,6.7,Moderate Controversy Level,2.0,32.0,Medium,2.0,2,-0.7485643836320394,0.594794683691715
CVS,Cvs Health Corporation,Healthcare,Healthcare Plans,219000.0,22.0,0.0,6.2,15.8,Significant Controversy Level,3.0,36.0,Medium,3.0,1,1.778025800241617,-0.10052579871043223
CMI,Cummins Inc.,Industrials,Specialty Industrial Machinery,75500.0,19.3,5.6,5.9,7.7,Moderate Controversy Level,2.0,25.0,Low,2.0,0,-0.4989354512766165,0.10985813783869047
CSX,Csx Corporation,Industrials,Railroads,23400.0,21.9,7.0,4.8,10.0,Moderate Controversy Level,2.0,36.0,Medium,2.0,2,-0.3457363563902122,0.6335688292226929
CTRA,Coterra Energy Inc.,Energy,Oil & Gas E&P,894.0,36.1,20.3,7.5,8.3,Moderate Controversy Level,2.0,86.0,High,2.0,2,-0.13414489602614735,2.0418788041216107
COST,Costco Wholesale Corp,Consumer Defensive,Discount Stores,316000.0,23.3,6.5,5.6,11.2,Significant Controversy Level,3.0,41.0,Medium,3.0,1,0.7610244652357763,0.8728952065272257
CSGP,Costar Group Inc,Real Estate,Real Estate Services,6152.0,21.9,4.9,7.7,9.3,Low Controversy Level,1.0,36.0,Medium,1.0,0,-0.49561164493944904,-0.7749377291407141
GLW,Corning Incorporated,Technology,Electronic Components,49800.0,16.5,5.5,6.1,4.8,Moderate Controversy Level,2.0,16.0,Low,2.0,0,-0.9763051942287859,-0.04278701491536838
CPRT,Copart Inc,Industrials,Specialty Business Services,12000.0,16.0,1.5,5.6,9.0,Low Controversy Level,1.0,14.0,Low,1.0,0,-1.005179045383172,-0.8590737281895373
STZ,"Constellation Brands, Inc.",Consumer Defensive,Beverages - Wineries & Distilleries,10600.0,24.7,9.4,5.2,10.0,Moderate Controversy Level,2.0,48.0,Medium,2.0,2,-0.2721031722836399,0.9162787085425829
ED,"Consolidated Edison, Inc.",Utilities,Utilities - Regulated Electric,14592.0,23.8,6.9,6.1,10.9,Significant Controversy Level,3.0,44.0,Medium,3.0,1,0.8183109264865702,0.8180295069546332
COP,Conocophillips,Energy,Oil & Gas E&P,10000.0,33.9,17.6,8.3,8.1,Moderate Controversy Level,2.0,81.0,High,2.0,2,0.03307350068716499,1.4513911701502946
CAG,"Conagra Brands, Inc.",Consumer Defensive,Packaged Foods,18600.0,30.8,10.7,4.7,15.4,Moderate Controversy Level,2.0,72.0,High,2.0,2,0.5792526376850683,1.398343148737606
CMA,Comerica Incorporated,Financial Services,Banks - Regional,7619.0,25.2,2.5,11.7,11.0,Moderate Controversy Level,2.0,50.0,Medium,2.0,3,1.4483253304345969,-1.4911557897075192
CMCSA,Comcast Corp,Communication Services,Telecom Services,186000.0,23.1,4.0,8.2,10.9,Moderate Controversy Level,2.0,41.0,Medium,2.0,3,0.6177184556761421,-0.5200219641548854
CL,Colgate-Palmolive Company,Consumer Defensive,Household & Personal Products,34000.0,26.2,8.3,6.5,11.3,Moderate Controversy Level,2.0,54.0,Medium,2.0,2,0.2686122715195611,0.513651091750017
CTSH,Cognizant Technology Solutions,Technology,Information Technology Services,344400.0,14.7,1.1,5.9,7.6,Moderate Controversy Level,2.0,10.0,Low,2.0,0,-0.4833510790815032,-0.5830326717784924
KO,Coca-Cola Company,Consumer Defensive,Beverages - Non-Alcoholic,79100.0,21.6,7.2,4.9,9.5,Significant Controversy Level,3.0,35.0,Medium,3.0,2,0.28840693806567075,1.0735171856480796
CMS,Cms Energy Corporation,Utilities,Utilities - Regulated Electric,8356.0,21.7,9.6,5.2,6.8,Moderate Controversy Level,2.0,35.0,Medium,2.0,2,-0.8517035496043446,0.8423484535097274
CME,Cme Group Inc.,Financial Services,Financial Data & Stock Exchanges,3565.0,17.8,2.1,9.2,6.5,Low Controversy Level,1.0,20.0,Low,1.0,3,-0.6370907528397827,-1.6146272307206442
CLX,Clorox Company,Consumer Defensive,Household & Personal Products,8100.0,21.6,7.7,5.3,8.6,Moderate Controversy Level,2.0,35.0,Medium,2.0,2,-0.4894167685431281,0.5887285477536437
CFG,"Citizens Financial Group, Inc.",Financial Services,Banks - Regional,17354.0,23.5,2.0,11.4,10.1,Moderate Controversy Level,2.0,42.0,Medium,2.0,3,1.2207873093077124,-1.533377037183633
C,Citigroup Inc.,Financial Services,Banks - Diversified,237000.0,29.2,1.8,13.7,13.8,High Controversy Level,4.0,66.0,Medium,4.0,1,3.8234466619394825,-1.038544554061646
CSCO,"Cisco Systems, Inc.",Technology,Communication Equipment,84900.0,13.9,0.4,6.5,6.9,Moderate Controversy Level,2.0,8.0,Low,2.0,0,-0.4672071456955865,-0.8408175440169794
CTAS,Cintas Corp,Industrials,Specialty Business Services,44500.0,18.1,3.0,5.9,9.2,Moderate Controversy Level,2.0,21.0,Low,2.0,0,-0.20850651160789624,-0.23956857543103835
CINF,Cincinnati Financial Corp,Financial Services,Insurance - Property & Casualty,5426.0,25.6,1.8,12.9,11.0,Low Controversy Level,1.0,52.0,Medium,1.0,3,1.0252268348747497,-2.300608407728891
CHD,"Church & Dwight Co., Inc.",Consumer Defensive,Household & Personal Products,5550.0,19.9,6.9,6.7,6.3,Low Controversy Level,1.0,27.0,Low,1.0,0,-1.2814903542047642,-0.35376044453754485
CB,Chubb Limited,Financial Services,Insurance - Property & Casualty,40000.0,23.6,1.5,10.6,11.5,Moderate Controversy Level,2.0,43.0,Medium,2.0,3,1.2942872121939537,-1.394070196373475
CMG,"Chipotle Mexican Grill, Inc.",Consumer Cyclical,Restaurants,120000.0,20.7,6.8,4.3,9.6,Moderate Controversy Level,2.0,30.0,Medium,2.0,2,-0.5309788080851248,0.6962075174467722
CVX,Chevron Corporation,Energy,Oil & Gas Integrated,45600.0,36.6,17.0,10.4,9.2,Significant Controversy Level,3.0,87.0,High,3.0,2,1.4201510988720936,1.395585598614543
CHTR,Charter Comm Inc Del Cl a,Communication Services,Telecom Services,101100.0,24.7,6.1,7.9,10.7,Moderate Controversy Level,2.0,48.0,Medium,2.0,3,0.49719855533193297,-0.14091764391904948
CF,"Cf Industries Holding, Inc.",Basic Materials,Agricultural Inputs,2700.0,29.3,16.2,5.4,7.7,Low Controversy Level,1.0,66.0,Medium,1.0,2,-1.3957479070469074,1.3937524476413188
CNP,"Centerpoint Energy, Inc.",Utilities,Utilities - Regulated Electric,8827.0,28.7,12.9,5.1,10.7,Moderate Controversy Level,2.0,64.0,Medium,2.0,2,-0.19471006341766697,1.4968010330478305
CNC,Centene Corporation,Healthcare,Healthcare Plans,59900.0,19.9,0.1,6.5,13.3,Moderate Controversy Level,2.0,28.0,Low,2.0,1,0.6912458278864854,-0.6776320855097174
COR,"Cencora, Inc.",Healthcare,Medical Distribution,46000.0,12.8,1.6,5.7,5.5,Significant Controversy Level,3.0,6.0,Low,3.0,0,-0.20918848255264708,-0.08558288352842437
CE,Celanese Corporation,Basic Materials,Chemicals,12400.0,26.1,14.7,5.6,5.9,Moderate Controversy Level,2.0,54.0,Medium,2.0,2,-0.9608524333754493,1.5094187730251398
CBRE,"Cbre Group, Inc.",Real Estate,Real Estate Services,130000.0,8.0,1.5,4.6,1.9,Low Controversy Level,1.0,2.0,Negligible,1.0,0,-2.516798927939343,-0.8783887320597157
CBOE,"Cboe Global Markets, Inc.",Financial Services,Financial Data & Stock Exchanges,1647.0,21.0,2.7,10.6,7.6,Low Controversy Level,1.0,32.0,Medium,1.0,3,-0.12232415561277561,-1.784539204320921
CAT,Caterpillar Inc.,Industrials,Farm & Heavy Construction Machinery,113200.0,36.2,10.4,8.1,17.7,High Controversy Level,4.0,86.0,High,4.0,1,3.1815837209346203,1.5981024379421211
CCL,Carnival Corporation,Consumer Cyclical,Travel Services,106000.0,24.5,9.4,5.0,10.1,Significant Controversy Level,3.0,47.0,Medium,3.0,2,0.40324538999329806,1.4090026090271155
KMX,Carmax Inc.,Consumer Cyclical,Auto & Truck Dealerships,29836.0,12.1,0.1,4.0,8.0,Moderate Controversy Level,2.0,5.0,Low,2.0,0,-0.838614831858543,-0.319037441637139
CAH,"Cardinal Health, Inc.",Healthcare,Medical Distribution,47040.0,14.9,1.2,6.4,7.3,Significant Controversy Level,3.0,11.0,Low,3.0,0,0.27925147691451035,-0.23696188757725078
COF,Capital One Financial,Financial Services,Credit Services,51300.0,22.5,0.1,10.1,12.3,Significant Controversy Level,3.0,38.0,Medium,3.0,1,2.0378801904790578,-1.029202003381039
CPB,Campbell Soup Company,Consumer Defensive,Packaged Foods,14500.0,23.5,10.9,4.5,8.1,Moderate Controversy Level,2.0,42.0,Medium,2.0,2,-0.7868344988785709,1.2329640157011001
CPT,Camden Property Trust,Real Estate,REIT - Residential,1640.0,16.1,4.0,8.2,3.9,Low Controversy Level,1.0,14.0,Low,1.0,0,-1.3499585791455067,-1.1957023755695317
CHRW,"C.H. Robinson Worldwide, Inc.",Industrials,Integrated Freight & Logistics,14990.0,19.3,4.7,5.3,9.3,Low Controversy Level,1.0,26.0,Low,1.0,0,-1.0435956600047738,-0.2950543263597679
BG,Bunge Global Sa,Consumer Defensive,Farm Products,23000.0,32.9,14.4,5.3,13.3,Significant Controversy Level,3.0,78.0,High,3.0,2,1.0126460993764652,2.2160135205626332
BRO,"Brown & Brown, Inc.",Financial Services,Insurance Brokers,16152.0,20.5,0.1,10.6,9.8,Low Controversy Level,1.0,30.0,Medium,1.0,3,0.29456521238138916,-2.111089009359034
BR,Broadridge Financial Solutions Inc,Technology,Information Technology Services,14000.0,16.6,4.2,4.9,7.5,Moderate Controversy Level,2.0,16.0,Low,2.0,0,-0.7535478912226882,0.10149480835557839
AVGO,Broadcom Inc.,Technology,Semiconductors,20000.0,20.0,7.3,6.6,6.0,Significant Controversy Level,3.0,28.0,Low,3.0,2,0.044571715884445674,0.6128298390028508
BMY,Bristol-Myers Squibb Co.,Healthcare,Drug Manufacturers - General,34100.0,22.7,1.3,7.1,14.4,Moderate Controversy Level,2.0,39.0,Medium,2.0,1,1.0183658796961357,-0.5854166019060031
BSX,Boston Scientific Corp.,Healthcare,Medical Devices,48000.0,23.1,2.4,8.9,11.9,Moderate Controversy Level,2.0,41.0,Medium,2.0,3,0.9706055840548394,-0.8814453874813174
BXP,"Boston Properties, Inc.",Real Estate,REIT - Office,836.0,12.5,2.5,5.4,4.5,Low Controversy Level,1.0,6.0,Low,1.0,0,-1.8714067171197326,-0.8103456407671698
BWA,Borgwarner Inc.,Consumer Cyclical,Auto Parts,39900.0,12.6,2.7,5.7,4.2,Moderate Controversy Level,2.0,6.0,Low,2.0,0,-1.1553419069483897,-0.4064054664857059
BKNG,Booking Holdings Inc.,Consumer Cyclical,Travel Services,24000.0,19.2,1.0,8.1,10.1,Significant Controversy Level,3.0,25.0,Low,3.0,1,1.1758034528402939,-0.5377319054625912
BA,Boeing Company,Industrials,Aerospace & Defense,171000.0,39.6,8.8,8.3,22.5,High Controversy Level,4.0,91.0,High,4.0,1,4.106495405452395,1.4672290491125664
BX,Blackstone Inc.,Financial Services,Asset Management,4735.0,23.4,2.5,11.3,9.6,Moderate Controversy Level,2.0,42.0,Medium,2.0,3,1.1038245442530423,-1.4518207228934097
BLK,"Blackrock, Inc.",Financial Services,Asset Management,19300.0,18.3,0.9,10.0,7.4,Moderate Controversy Level,2.0,21.0,Low,2.0,3,0.42070720977637666,-1.492379881749092
BIIB,Biogen Inc.,Healthcare,Drug Manufacturers - General,7570.0,22.2,0.4,7.4,14.5,Significant Controversy Level,3.0,37.0,Medium,3.0,1,1.8149193834204425,-0.33697834149210915
BIO,"Bio-Rad Laboratories, Inc.Class A",Healthcare,Medical Devices,8000.0,17.4,1.2,7.0,9.2,Low Controversy Level,1.0,18.0,Low,1.0,0,-0.6462743978977005,-1.1963234054901388
BBY,"Best Buy Company, Inc.",Consumer Cyclical,Specialty Retail,85000.0,15.9,2.4,4.4,9.1,Moderate Controversy Level,2.0,14.0,Low,2.0,0,-0.5655103364669357,-0.015703083537689507
BRK-B,Berkshire Hathaway Class B,Financial Services,Insurance - Diversified,396500.0,20.7,1.0,14.8,4.9,Low Controversy Level,1.0,30.0,Medium,1.0,3,0.3642014446412443,-3.0267361054184683
BDX,"Becton, Dickinson and Co.",Healthcare,Medical Instruments & Supplies,70000.0,23.8,3.0,7.1,13.6,Significant Controversy Level,3.0,44.0,Medium,3.0,1,1.5642001494541027,0.09587381271986788
BAX,Baxter International Inc.,Healthcare,Medical Instruments & Supplies,60000.0,23.6,2.8,7.1,13.6,Significant Controversy Level,3.0,43.0,Medium,3.0,1,1.5656957115727772,0.06522391583676522
BBWI,"Bath & Body Works, Inc.",Consumer Cyclical,Specialty Retail,8981.0,28.3,12.2,5.9,10.3,Moderate Controversy Level,2.0,62.0,Medium,2.0,2,-0.07857883884122634,1.2062761084127933
BK,Bank of New York Mellon Corporation,Financial Services,Asset Management,52100.0,20.9,1.1,9.9,9.9,Moderate Controversy Level,2.0,31.0,Medium,2.0,3,0.8479610521516215,-1.358754520362312
BAC,Bank of America Corporation,Financial Services,Banks - Diversified,212000.0,28.3,1.7,11.5,15.1,Significant Controversy Level,3.0,62.0,Medium,3.0,1,2.8522871601887707,-0.9903062868604497
BALL,Ball Corporation,Consumer Cyclical,Packaging & Containers,16000.0,12.1,7.6,3.7,0.8,Moderate Controversy Level,2.0,5.0,Low,2.0,0,-2.2641191926614055,0.6588450121263101
AVY,Avery Dennison Corp.,Consumer Cyclical,Packaging & Containers,35000.0,16.1,11.4,3.7,0.9,Low Controversy Level,1.0,14.0,Low,1.0,0,-2.977541849008366,0.7975498535541459
AVB,"Avalonbay Communities, Inc.",Real Estate,REIT - Residential,2978.0,9.8,3.0,4.8,2.0,Low Controversy Level,1.0,3.0,Negligible,1.0,0,-2.464159903589005,-0.687790817327743
AZO,"Autozone, Inc.",Consumer Cyclical,Specialty Retail,71400.0,11.0,0.1,3.8,7.1,Moderate Controversy Level,2.0,4.0,Low,2.0,0,-1.0469967758994474,-0.3059061677248314
ADP,Automatic Data Processing,Industrials,Staffing & Employment Services,63000.0,13.8,2.8,5.5,5.5,Low Controversy Level,1.0,8.0,Low,1.0,0,-1.6700973231644434,-0.7529617187881141
ATO,Atmos Energy Corporation,Utilities,Utilities - Regulated Gas,5019.0,34.6,14.8,6.4,13.4,Moderate Controversy Level,2.0,83.0,High,2.0,2,0.5764928052563045,1.5996756859650354
T,At&t Inc.,Communication Services,Telecom Services,148290.0,23.9,3.3,6.7,13.9,Significant Controversy Level,3.0,44.0,Medium,3.0,1,1.5245742031706149,0.23674193056398427
AIZ,"Assurant, Inc.",Financial Services,Insurance - Specialty,13600.0,24.1,1.6,11.7,10.8,Moderate Controversy Level,2.0,45.0,Medium,2.0,3,1.4189238090185055,-1.6356165851762283
AJG,Arthur J. Gallagher & Co.,Financial Services,Insurance Brokers,49821.0,21.2,0.1,10.1,10.9,Moderate Controversy Level,2.0,33.0,Medium,2.0,3,1.0818865822609616,-1.5218671489427589
ANET,Arista Networks,Technology,Computer Hardware,4023.0,16.7,0.4,7.4,8.9,Low Controversy Level,1.0,16.0,Low,1.0,0,-0.6029095463175259,-1.4138162655420117
ADM,Archer Daniels Midland Company,Consumer Defensive,Farm Products,40213.0,31.8,16.6,5.0,10.1,Significant Controversy Level,3.0,75.0,High,3.0,2,0.3494051537210151,2.512398896818811
ACGL,Arch Capital Group Ltd,Financial Services,Insurance - Diversified,6400.0,22.5,1.5,10.9,10.1,Moderate Controversy Level,2.0,38.0,Medium,2.0,3,1.1100513026910654,-1.503640675294713
APTV,Aptiv Plc,Consumer Cyclical,Auto Parts,154000.0,10.7,1.5,5.3,3.9,Low Controversy Level,1.0,3.0,Low,1.0,0,-1.9952185417594073,-0.9619316828475895
AMAT,Applied Materials Inc,Technology,Semiconductor Equipment & Materials,34800.0,12.7,4.5,5.3,3.0,Low Controversy Level,1.0,6.0,Low,1.0,0,-2.1802439528150965,-0.5315963973274132
AAPL,Apple Inc.,Technology,Consumer Electronics,150000.0,17.2,0.5,9.4,7.4,Significant Controversy Level,3.0,18.0,Low,3.0,3,0.9894011912849339,-0.9791350215007972
APA,Apa Corporation,Energy,Oil & Gas E&P,2271.0,38.8,22.0,8.0,8.9,Moderate Controversy Level,2.0,83.0,High,2.0,2,0.07601239072883297,2.215650602015548
ADI,"Analog Devices, Inc.",Technology,Semiconductors,26000.0,22.9,9.3,7.0,6.7,Low Controversy Level,1.0,40.0,Medium,1.0,0,-1.1584890505806047,-0.03670582540882458
APH,Amphenol Corporation,Technology,Electronic Components,95000.0,19.6,7.3,7.6,4.6,Moderate Controversy Level,2.0,26.0,Low,2.0,0,-0.682472068506984,-0.09255751475222247
AMGN,Amgen Inc,Healthcare,Drug Manufacturers - General,26700.0,22.0,0.7,7.8,13.5,Significant Controversy Level,3.0,36.0,Medium,3.0,1,1.7235982150224627,-0.4087736769185336
AME,"Ametek, Inc.",Industrials,Specialty Industrial Machinery,21500.0,23.9,8.6,6.7,8.5,Low Controversy Level,1.0,44.0,Medium,1.0,0,-0.8967555717621017,-0.021337466588951446
AMP,"Ameriprise Financial, Inc.",Financial Services,Asset Management,13800.0,20.3,2.1,10.3,7.8,Moderate Controversy Level,2.0,29.0,Medium,2.0,3,0.5526818861125832,-1.3592246439189877
AWK,"American Water Works Company, Inc",Utilities,Utilities - Regulated Water,6500.0,21.6,9.0,5.0,7.6,Low Controversy Level,1.0,34.0,Medium,1.0,0,-1.4515533757803547,0.3721769133795919
AMT,American Tower Corporation,Real Estate,REIT - Specialty,5643.0,10.9,2.9,5.2,2.8,Low Controversy Level,1.0,4.0,Low,1.0,0,-2.2273059891984937,-0.7620596110676464
AIG,"American International Group, Inc.",Financial Services,Insurance - Diversified,25000.0,24.2,1.6,12.9,9.7,Moderate Controversy Level,2.0,46.0,Medium,2.0,3,1.4949400673848072,-1.9268326622293634
AXP,American Express Company,Financial Services,Credit Services,74600.0,18.6,0.1,9.7,8.9,Moderate Controversy Level,2.0,23.0,Low,2.0,3,0.6289911432290262,-1.502140860612891
AEP,"American Electric Power Company, Inc.",Utilities,Utilities - Regulated Electric,16800.0,26.1,12.7,5.4,8.1,Moderate Controversy Level,2.0,54.0,Medium,2.0,2,-0.5942397165026417,1.3173631002750055
AAL,American Airlines Group Inc.,Industrials,Airlines,132800.0,26.4,9.9,4.8,11.6,Moderate Controversy Level,2.0,54.0,Medium,2.0,2,-0.0783695995099779,1.13028240998566
AEE,Ameren Corporation,Utilities,Utilities - Regulated Electric,9372.0,27.2,12.9,5.3,9.1,Moderate Controversy Level,2.0,58.0,Medium,2.0,2,-0.4379725062533486,1.4019665154511805
AMZN,Amazon.com Inc,Consumer Cyclical,Internet Retail,1525000.0,30.6,6.0,9.2,15.4,Significant Controversy Level,3.0,71.0,High,3.0,1,2.347745306261126,0.16773196421309133
MO,"Altria Group, Inc.",Consumer Defensive,Tobacco,6400.0,31.3,6.1,7.6,17.6,Significant Controversy Level,3.0,74.0,High,3.0,1,2.378124867530518,0.5953113002062295
GOOGL,Alphabet Inc. Class A,Communication Services,Internet Content & Information,180895.0,24.2,1.6,11.5,11.2,High Controversy Level,4.0,46.0,Medium,4.0,1,2.851542449287842,-0.6861769663510869
ALB,Albemarle Corporation,Basic Materials,Specialty Chemicals,9000.0,26.6,15.4,6.3,4.8,Moderate Controversy Level,2.0,55.0,Medium,2.0,2,-1.0045455543378417,1.431838439159541
AKAM,Akamai Technologies Inc,Technology,Software - Infrastructure,10250.0,17.0,3.0,6.9,7.1,Low Controversy Level,1.0,17.0,Low,1.0,0,-1.0620107243247698,-0.9678328374177276
APD,"Air Products & Chemicals, Inc.",Basic Materials,Specialty Chemicals,23000.0,12.3,7.4,3.3,1.5,Low Controversy Level,1.0,5.0,Low,1.0,0,-2.9308158833151614,0.28924957765367687
A,Agilent Technologies Inc.,Healthcare,Diagnostics & Research,18000.0,13.6,1.1,6.1,6.4,Moderate Controversy Level,2.0,8.0,Low,2.0,0,-0.6543504200169313,-0.6647946703856472
AFL,Aflac Inc.,Financial Services,Insurance - Life,12785.0,18.3,0.3,8.9,9.1,Low Controversy Level,1.0,22.0,Low,1.0,3,-0.22260547856806234,-1.7416882667788463
AES,Aes Corporation,Utilities,Utilities - Diversified,9600.0,26.7,13.3,5.3,8.2,Moderate Controversy Level,2.0,56.0,Medium,2.0,2,-0.6035556097662688,1.4338531414910225
ADBE,Adobe Inc.,Technology,Software - Infrastructure,29945.0,13.1,1.9,5.2,6.0,Moderate Controversy Level,2.0,7.0,Low,2.0,0,-0.9386506118358829,-0.36381761446871325
ACN,Accenture Plc,Technology,Information Technology Services,742000.0,9.8,0.8,4.4,4.6,Moderate Controversy Level,2.0,3.0,Negligible,2.0,0,-1.3665057358953943,-0.4079680972343266
ABBV,Abbvie Inc.,Healthcare,Drug Manufacturers - General,50000.0,29.9,2.4,10.4,17.2,Significant Controversy Level,3.0,69.0,Medium,3.0,1,2.9745891715404094,-0.5804064940620541
ABT,Abbott Laboratories,Healthcare,Medical Devices,114000.0,24.8,2.3,8.3,14.2,Significant Controversy Level,3.0,48.0,Medium,3.0,1,1.9525690583118438,-0.24705869771877376
AOS,A.O. Smith Corporation,Industrials,Specialty Industrial Machinery,12000.0,25.4,7.2,6.4,11.9,Low Controversy Level,1.0,51.0,Medium,1.0,0,-0.34073521792722294,-0.06095367090195822
MMM,3m Company,Industrials,Conglomerates,85000.0,37.3,17.2,6.5,13.6,Severe Controversy Level,5.0,89.0,High,5.0,1,2.7267908478666274,3.2934724745331434
